split,k_mer,mean_abs_shap
1,AATT,0.043424478992712616
1,TGCG,0.018051460966476113
1,AATA,0.018013868867575968
1,CCCC,0.016028989066158277
1,TTTT,0.0157499541299932
1,CGCG,0.013119371473137518
1,CGCC,0.011972521883054383
1,TTAG,0.01197219549293238
1,CCCG,0.010844241989626963
1,ATTG,0.010842282789161616
1,TAAT,0.010164249091836075
1,TACT,0.009602473045941435
1,CCCA,0.00944580155925586
1,AATG,0.009262063652526758
1,TAAA,0.008754336892629845
1,TAGA,0.008361068476695526
1,TCGC,0.00806324948516653
1,GAAT,0.007956658286830114
1,TTTA,0.007493372454652907
1,GGTA,0.007385908930095104
1,CGTA,0.0072926581970269
1,CGAC,0.006933653594602099
1,GATC,0.0068657701287217895
1,TCGG,0.006724100251614909
1,GTCC,0.006696632277097905
1,CCTC,0.006624111585892264
1,CTTG,0.006587637416175727
1,AGTA,0.006516928613823914
1,ATTA,0.0064236808062145025
1,GTGT,0.006321381864436395
1,CAAA,0.006244667289458205
1,CAAT,0.006167409322628451
1,GCGC,0.00608145725806602
1,ATTC,0.005881471099471406
1,TACC,0.005852747265564143
1,TATT,0.005827147162531674
1,TGGG,0.0056556528884146185
1,ACGG,0.0056269514444309355
1,TCCG,0.005595397880542654
1,GGCG,0.005585215284892114
1,AAGT,0.005511906058185161
1,TCGA,0.005213848767935943
1,CCGC,0.005212412449448526
1,GGGG,0.005182874644274646
1,TTAT,0.00501686805384887
1,TAAG,0.004652644064287396
1,GTTA,0.004493711832487807
1,AGAG,0.004492910878275254
1,CACA,0.004460670977613436
1,GACG,0.004344754344550634
1,ATAG,0.004153719851041534
1,CATT,0.00413311295121195
1,ACAC,0.004132704274196356
1,CTCC,0.004042038454203834
1,AGGG,0.004035184509605046
1,CCTA,0.003734566388259889
1,CCAT,0.0036982025158352875
1,CACG,0.0036063927735446094
1,ATTT,0.003595232316136595
1,CGTG,0.003561028047695296
1,TTAA,0.003553540314224741
1,TATA,0.003538821723883875
1,GTAG,0.0033851448412992795
1,CGGG,0.0033721306161489974
1,GGAG,0.0033520586276768005
1,CTTA,0.003308686615325547
1,GGAC,0.003291509545449204
1,CATC,0.003208164356834864
1,GTAC,0.002968101432385259
1,GAGT,0.002836316547100981
1,CTAA,0.0028289657125903766
1,TGTG,0.002793796687316496
1,GTCT,0.0027240424707906797
1,CTCG,0.0027090866628398107
1,ATGT,0.0026150227087146424
1,ACGT,0.0024435757584882075
1,TACG,0.002415747581024639
1,TAGC,0.002400687942218008
1,ACGA,0.002358688926773184
1,ATAT,0.002165567012115616
1,TAGT,0.0020221874803862884
1,CGTC,0.0020035105306626735
1,TTGT,0.0019153657980389496
1,TAGG,0.0016507890825985918
1,ACCT,0.001641883013022131
1,GGGT,0.0015798948833915688
1,TAAC,0.0015411365312580944
1,GTCG,0.001419867765339169
1,CTAT,0.0013663810229072133
1,AGGT,0.0012978817482407852
1,GAGG,0.001296743020473062
1,CGAG,0.0010667385455711584
1,GCGT,0.0008683634343167493
1,CATA,0.0008551580313392376
1,CTAG,0.0006637122308534856
1,ACTA,0.0005790506952284047
1,TGTA,0.00036266740221154413
1,TCTA,0.0003605656068773197
1,CTAC,0.00031311874481852254
1,GCTA,0.00010458867075804107
